season,espn_player_id,full_name,default_position_id,fantasy_points,source,source_player_id
2008,112,Brett Favre,1,204.00,espn_exact,
2008,658,Isaac Bruce,3,118.00,espn_exact,
2008,751,Joey Galloway,3,11.00,espn_exact,
2008,936,Muhsin Muhammad,3,114.00,espn_exact,
2008,937,Bobby Engram,3,45.00,nflverse_name,00-0004915
2008,939,Marvin Harrison,3,87.00,espn_exact,
2008,1056,Terrell Owens,3,159.00,espn_exact,
2008,1231,Tony Gonzalez,4,158.00,espn_exact,
2008,1263,Derrick Mason,3,128.00,espn_exact,
2008,1383,Jon Kitna,1,42.00,nflverse_id,00-0009311
2008,1428,Peyton Manning,1,276.00,espn_exact,
2008,1430,Fred Taylor,2,58.00,nflverse_id,00-0016098
2008,1432,Ahman Green,2,43.00,espn_exact,
2008,1433,Randy Moss,3,157.00,espn_exact,
2008,1494,Hines Ward,3,139.00,espn_exact,
2008,1575,Matt Hasselbeck,1,55.00,nflverse_id,00-0007091
2008,1682,Kurt Warner,1,289.00,espn_exact,
2008,1693,Jake Delhomme,1,184.00,espn_exact,
2008,1753,Donovan McNabb,1,256.00,espn_exact,
2008,1755,Edgerrin James,2,68.00,espn_exact,
2008,1756,Ricky Williams,2,103.00,espn_exact,
2008,1757,Torry Holt,3,92.00,espn_exact,
2008,1966,Donald Driver,3,126.00,espn_exact,
2008,2136,Jamal Lewis,2,126.00,espn_exact,
2008,2138,Thomas Jones,2,226.00,espn_exact,
2008,2139,Plaxico Burress,3,65.00,nflverse_id,00-0019642
2008,2209,Laveranues Coles,3,121.00,espn_exact,
2008,2330,Tom Brady,1,3.00,nflverse_id,00-0019596
2008,2553,LaDainian Tomlinson,2,213.00,espn_exact,
2008,2564,Santana Moss,3,141.00,espn_exact,
2008,2571,Deuce McAllister,2,83.00,espn_exact,
2008,2578,Reggie Wayne,3,146.00,espn_exact,
2008,2579,Todd Heap,4,49.00,espn_exact,
2008,2580,Drew Brees,1,335.00,espn_exact,
2008,2583,Alge Crumpler,4,26.00,nflverse_id,00-0020285
2008,2584,Chad Ochocinco,3,71.00,espn_exact,
2008,2597,LaMont Jordan,2,56.00,nflverse_name,00-0020462
2008,2600,Chris Chambers,3,74.00,espn_exact,
2008,2622,Steve Smith Sr.,3,174.00,espn_exact,
2008,2649,Rudi Johnson,2,36.00,espn_exact,
2008,2753,T.J. Houshmandzadeh,3,107.00,espn_exact,
2008,3541,Donte' Stallworth,3,17.00,nflverse_id,00-0021147
2008,3542,Jeremy Shockey,4,39.00,espn_exact,
2008,3548,Javon Walker,3,21.00,nflverse_name,00-0021153
2008,3561,Jabar Gaffney,3,56.00,nflverse_id,00-0021163
2008,3562,DeShaun Foster,2,39.00,nflverse_name,00-0021164
2008,3579,Clinton Portis,2,205.00,espn_exact,
2008,3582,Maurice Morris,2,72.00,nflverse_id,00-0021182
2008,3590,Antwaan Randle El,3,78.00,nflverse_id,00-0021190
2008,3619,Brian Westbrook,2,210.00,espn_exact,
2008,3636,David Garrard,1,221.00,espn_exact,
2008,3734,Ronald Curry,3,27.00,nflverse_name,00-0021337
2008,3784,Chester Taylor,2,103.00,espn_exact,
2008,4459,Carson Palmer,1,37.00,espn_exact,
2008,4461,Andre Johnson,3,198.00,espn_exact,
2008,4475,Bryant Johnson,3,66.00,espn_exact,
2008,4481,Willis McGahee,2,110.00,espn_exact,
2008,4482,Dallas Clark,4,112.00,espn_exact,
2008,4485,Larry Johnson,2,121.00,espn_exact,
2008,4512,Anquan Boldin,3,164.00,espn_exact,
2008,4527,Jason Witten,4,114.00,espn_exact,
2008,4529,Nate Burleson,3,12.00,nflverse_id,00-0021999
2008,4551,Chris Brown,2,0.00,no_regular_season_stats,
2008,4554,Justin Fargas,2,85.00,espn_exact,
2008,4614,Donald Lee,4,53.00,espn_exact,
2008,4950,Earnest Graham,2,93.00,espn_exact,
2008,5209,Tony Romo,1,228.00,espn_exact,
2008,5362,Antonio Gates,4,109.00,espn_exact,
2008,5526,Eli Manning,1,211.00,espn_exact,
2008,5528,Larry Fitzgerald,3,212.00,espn_exact,
2008,5529,Philip Rivers,1,308.00,espn_exact,
2008,5531,Kellen Winslow,4,55.00,espn_exact,
2008,5532,Roy Williams,3,49.00,espn_exact,
2008,5534,Reggie Williams,3,49.00,espn_exact,
2008,5536,Ben Roethlisberger,1,188.00,espn_exact,
2008,5538,Lee Evans,3,117.00,espn_exact,
2008,5549,Steven Jackson,2,176.00,espn_exact,
2008,5557,Benjamin Watson,4,27.00,nflverse_id,00-0022943
2008,5566,Tatum Bell,2,39.00,espn_exact,
2008,5568,Julius Jones,2,76.00,espn_exact,
2008,5603,Bernard Berrian,3,143.00,espn_exact,
2008,5606,Chris Cooley,4,79.00,espn_exact,
2008,5615,Matt Schaub,1,182.00,nflverse_id,00-0022787
2008,5633,Jerricho Cotchery,3,113.00,espn_exact,
2008,5679,Michael Turner,2,266.00,espn_exact,
2008,5682,D.J. Hackett,3,13.00,nflverse_name,00-0022701
2008,5741,Patrick Crayton,3,74.00,nflverse_id,00-0022766
2008,5880,Willie Parker,2,104.00,espn_exact,
2008,5941,Wes Welker,3,128.00,espn_exact,
2008,8417,Ronnie Brown,2,166.00,espn_exact,
2008,8418,Braylon Edwards,3,102.00,espn_exact,
2008,8439,Aaron Rodgers,1,310.00,espn_exact,
2008,8442,Roddy White,3,174.00,espn_exact,
2008,8444,Heath Miller,4,62.00,nflverse_id,00-0023465
2008,8449,Reggie Brown,3,28.00,espn_exact,
2008,8475,Vincent Jackson,3,150.00,espn_exact,
2008,8479,Frank Gore,2,174.00,espn_exact,
2008,8523,Marion Barber,2,170.00,espn_exact,
2008,8524,Brandon Jacobs,2,190.00,espn_exact,
2008,8627,Derek Anderson,1,91.00,nflverse_id,00-0023645
2008,9475,Ryan Grant,2,147.00,espn_exact,
2008,9588,Reggie Bush,2,128.00,espn_exact,
2008,9589,Vince Young,1,10.00,nflverse_id,00-0024218
2008,9592,Vernon Davis,4,39.00,espn_exact,
2008,9597,Jay Cutler,1,290.00,espn_exact,
2008,9607,Laurence Maroney,2,8.00,nflverse_id,00-0024236
2008,9611,Santonio Holmes,3,105.00,espn_exact,
2008,9613,DeAngelo Williams,2,275.00,espn_exact,
2008,9616,Joseph Addai,2,108.00,espn_exact,
2008,9631,LenDale White,2,158.00,espn_exact,
2008,9638,Greg Jennings,3,180.00,espn_exact,
2008,9646,Maurice Jones-Drew,2,204.00,espn_exact,
2008,9647,Tony Scheffler,4,77.00,espn_exact,
2008,9665,Jerious Norwood,2,103.00,nflverse_id,00-0024294
2008,9705,Brandon Marshall,3,147.00,espn_exact,
2008,9835,Ben Obomanu,3,0.00,no_regular_season_stats,
2008,9838,Marques Colston,3,103.00,espn_exact,
2008,10447,Calvin Johnson,3,199.00,espn_exact,
2008,10452,Adrian Peterson,2,235.00,espn_exact,
2008,10453,Ted Ginn Jr.,3,102.00,espn_exact,
2008,10456,Marshawn Lynch,2,173.00,espn_exact,
2008,10467,Dwayne Bowe,3,136.00,espn_exact,
2008,10476,Anthony Gonzalez,3,82.00,espn_exact,
2008,10488,Sidney Rice,3,33.00,nflverse_id,00-0025431
2008,10495,Steve Smith,3,55.00,nflverse_id,00-0025438
2008,10693,Ahmad Bradshaw,2,42.00,nflverse_id,00-0025637
2008,10896,Selvin Young,2,29.00,espn_exact,
2008,11238,Darren McFadden,2,91.00,espn_exact,
2008,11247,Jonathan Stewart,2,137.00,espn_exact,
2008,11256,Felix Jones,2,50.00,espn_exact,
2008,11257,Rashard Mendenhall,2,6.00,nflverse_id,00-0026163
2008,11258,Chris Johnson,2,194.00,espn_exact,
2008,11278,Matt Forte,2,227.00,espn_exact,
2008,11289,Ray Rice,2,61.00,espn_exact,
2008,11298,Kevin Smith,2,161.00,espn_exact,
2008,11323,Steve Slaton,2,212.00,espn_exact,
2009,112,Brett Favre,1,315.30,espn_exact,
2009,658,Isaac Bruce,3,25.60,nflverse_id,00-0002099
2009,751,Joey Galloway,3,6.70,nflverse_id,00-0005720
2009,936,Muhsin Muhammad,3,64.10,espn_exact,
2009,937,Bobby Engram,3,6.10,nflverse_name,00-0004915
2009,1056,Terrell Owens,3,128.30,espn_exact,
2009,1231,Tony Gonzalez,4,122.70,espn_exact,
2009,1263,Derrick Mason,3,147.00,espn_exact,
2009,1428,Peyton Manning,1,314.30,espn_exact,
2009,1430,Fred Taylor,2,50.60,espn_exact,
2009,1433,Randy Moss,3,208.40,espn_exact,
2009,1494,Hines Ward,3,151.70,espn_exact,
2009,1575,Matt Hasselbeck,1,177.90,espn_exact,
2009,1682,Kurt Warner,1,240.00,espn_exact,
2009,1753,Donovan McNabb,1,262.10,espn_exact,
2009,1755,Edgerrin James,2,14.40,nflverse_name,00-0008241
2009,1756,Ricky Williams,2,214.50,espn_exact,
2009,1757,Torry Holt,3,70.20,espn_exact,
2009,1966,Donald Driver,3,142.40,espn_exact,
2009,2136,Jamal Lewis,2,60.80,nflverse_name,00-0019693
2009,2138,Thomas Jones,2,231.00,espn_exact,
2009,2209,Laveranues Coles,3,82.40,nflverse_name,00-0018958
2009,2287,Sammy Morris,2,59.90,nflverse_id,00-0019484
2009,2330,Tom Brady,1,303.40,espn_exact,
2009,2549,Michael Vick,1,29.70,nflverse_id,00-0020245
2009,2553,LaDainian Tomlinson,2,156.40,espn_exact,
2009,2564,Santana Moss,3,109.00,espn_exact,
2009,2578,Reggie Wayne,3,185.40,espn_exact,
2009,2580,Drew Brees,1,330.10,espn_exact,
2009,2584,Chad Ochocinco,3,158.90,espn_exact,
2009,2600,Chris Chambers,3,104.00,espn_exact,
2009,2622,Steve Smith Sr.,3,147.40,espn_exact,
2009,2753,T.J. Houshmandzadeh,3,107.10,espn_exact,
2009,3579,Clinton Portis,2,65.10,espn_exact,
2009,3591,Antonio Bryant,3,85.00,espn_exact,
2009,3619,Brian Westbrook,2,57.50,espn_exact,
2009,3636,David Garrard,1,233.70,nflverse_id,00-0021231
2009,3784,Chester Taylor,2,84.10,espn_exact,
2009,4459,Carson Palmer,1,229.70,espn_exact,
2009,4461,Andre Johnson,3,215.90,espn_exact,
2009,4481,Willis McGahee,2,145.90,espn_exact,
2009,4482,Dallas Clark,4,172.70,espn_exact,
2009,4485,Larry Johnson,2,62.20,nflverse_id,00-0021976
2009,4512,Anquan Boldin,3,129.60,espn_exact,
2009,4527,Jason Witten,4,115.00,espn_exact,
2009,4529,Nate Burleson,3,96.60,espn_exact,
2009,4532,Kevin Curtis,3,7.70,nflverse_name,00-0022001
2009,4551,Chris Brown,2,48.10,espn_exact,
2009,4713,Kevin Walter,3,75.70,espn_exact,
2009,4950,Earnest Graham,2,17.50,nflverse_id,00-0021755
2009,5209,Tony Romo,1,306.70,espn_exact,
2009,5362,Antonio Gates,4,163.70,espn_exact,
2009,5526,Eli Manning,1,262.30,espn_exact,
2009,5528,Larry Fitzgerald,3,187.20,espn_exact,
2009,5529,Philip Rivers,1,298.40,espn_exact,
2009,5531,Kellen Winslow,4,120.10,espn_exact,
2009,5532,Roy Williams,3,100.60,espn_exact,
2009,5536,Ben Roethlisberger,1,297.00,espn_exact,
2009,5538,Lee Evans,3,103.20,espn_exact,
2009,5549,Steven Jackson,2,193.80,espn_exact,
2009,5568,Julius Jones,2,114.50,espn_exact,
2009,5603,Bernard Berrian,3,85.80,nflverse_id,00-0022807
2009,5606,Chris Cooley,4,45.20,nflverse_id,00-0022738
2009,5615,Matt Schaub,1,312.30,espn_exact,
2009,5633,Jerricho Cotchery,3,106.80,espn_exact,
2009,5679,Michael Turner,2,147.60,espn_exact,
2009,5741,Patrick Crayton,3,106.00,espn_exact,
2009,5760,Derrick Ward,2,73.90,espn_exact,
2009,5880,Willie Parker,2,49.30,espn_exact,
2009,5941,Wes Welker,3,162.40,espn_exact,
2009,8417,Ronnie Brown,2,126.40,espn_exact,
2009,8418,Braylon Edwards,3,93.00,espn_exact,
2009,8419,Cedric Benson,2,172.20,espn_exact,
2009,8420,Cadillac Williams,2,146.00,espn_exact,
2009,8439,Aaron Rodgers,1,379.40,espn_exact,
2009,8442,Roddy White,3,185.50,espn_exact,
2009,8475,Vincent Jackson,3,171.80,espn_exact,
2009,8479,Frank Gore,2,229.60,espn_exact,
2009,8520,Kyle Orton,1,238.90,espn_exact,
2009,8523,Marion Barber,2,153.30,espn_exact,
2009,8524,Brandon Jacobs,2,136.90,espn_exact,
2009,8544,Darren Sproles,2,132.00,espn_exact,
2009,8644,Matt Cassel,1,179.70,espn_exact,
2009,9307,Nate Washington,3,94.40,espn_exact,
2009,9400,Lance Moore,3,27.30,nflverse_id,00-0023310
2009,9475,Ryan Grant,2,211.00,espn_exact,
2009,9588,Reggie Bush,2,116.50,espn_exact,
2009,9597,Jay Cutler,1,253.60,nflverse_id,00-0024226
2009,9611,Santonio Holmes,3,153.40,espn_exact,
2009,9613,DeAngelo Williams,2,175.90,espn_exact,
2009,9616,Joseph Addai,2,198.20,espn_exact,
2009,9631,LenDale White,2,33.60,nflverse_id,00-0024260
2009,9638,Greg Jennings,3,142.30,espn_exact,
2009,9646,Maurice Jones-Drew,2,273.50,espn_exact,
2009,9647,Tony Scheffler,4,53.60,nflverse_id,00-0024276
2009,9665,Jerious Norwood,2,47.80,nflverse_id,00-0024294
2009,9684,Owen Daniels,4,81.90,nflverse_id,00-0024313
2009,9705,Brandon Marshall,3,178.90,espn_exact,
2009,9838,Marques Colston,3,159.00,espn_exact,
2009,9864,Mike Bell,2,92.60,espn_exact,
2009,10195,Fred Jackson,2,169.30,espn_exact,
2009,10447,Calvin Johnson,3,133.70,espn_exact,
2009,10452,Adrian Peterson,2,279.50,espn_exact,
2009,10453,Ted Ginn Jr.,3,68.20,nflverse_id,00-0025396
2009,10456,Marshawn Lynch,2,72.90,espn_exact,
2009,10467,Dwayne Bowe,3,82.90,espn_exact,
2009,10475,Greg Olsen,4,109.20,espn_exact,
2009,10476,Anthony Gonzalez,3,0.00,espn_exact,
2009,10482,Zach Miller,4,99.50,espn_exact,
2009,10488,Sidney Rice,3,177.20,espn_exact,
2009,10495,Steve Smith,3,164.00,espn_exact,
2009,10580,Le'Ron McClain,2,44.10,nflverse_id,00-0025524
2009,10585,Steve Breaston,3,91.60,espn_exact,
2009,10596,Kevin Boss,4,88.30,nflverse_id,00-0025540
2009,10693,Ahmad Bradshaw,2,136.50,espn_exact,
2009,10713,Pierre Thomas,2,155.50,espn_exact,
2009,11237,Matt Ryan,1,208.30,espn_exact,
2009,11238,Darren McFadden,2,60.20,espn_exact,
2009,11247,Jonathan Stewart,2,191.20,espn_exact,
2009,11252,Joe Flacco,1,229.20,espn_exact,
2009,11256,Felix Jones,2,94.40,nflverse_id,00-0026162
2009,11257,Rashard Mendenhall,2,178.90,espn_exact,
2009,11258,Chris Johnson,2,349.90,espn_exact,
2009,11264,Dustin Keller,4,64.90,espn_exact,
2009,11267,Donnie Avery,3,87.90,espn_exact,
2009,11272,John Carlson,4,99.40,espn_exact,
2009,11276,Eddie Royal,3,46.60,nflverse_id,00-0026182
2009,11278,Matt Forte,2,160.00,espn_exact,
2009,11283,DeSean Jackson,3,207.40,espn_exact,
2009,11289,Ray Rice,2,248.10,espn_exact,
2009,11298,Kevin Smith,2,141.60,nflverse_id,00-0026204
2009,11323,Steve Slaton,2,117.40,espn_exact,
2009,11383,Tim Hightower,2,142.60,espn_exact,
2009,11408,Josh Morgan,3,76.80,espn_exact,
2009,12489,Donald Brown,2,63.00,espn_exact,
2009,12503,Rashad Jennings,2,36.30,nflverse_id,00-0027155
2009,12514,LeSean McCoy,2,119.50,espn_exact,
2009,12516,Knowshon Moreno,2,162.00,espn_exact,
2009,12525,Beanie Wells,2,131.60,espn_exact,
2009,12556,Kenny Britt,3,86.10,espn_exact,
2009,12563,Michael Crabtree,3,72.50,espn_exact,
2009,12569,Percy Harvin,3,141.50,espn_exact,
2009,12579,Jeremy Maclin,3,99.50,nflverse_id,00-0026995
2010,112,Brett Favre,1,107.20,nflverse_id,00-0005106
2010,1056,Terrell Owens,3,154.30,espn_exact,
2010,1231,Tony Gonzalez,4,101.60,espn_exact,
2010,1263,Derrick Mason,3,122.20,espn_exact,
2010,1428,Peyton Manning,1,320.40,espn_exact,
2010,1433,Randy Moss,3,69.30,espn_exact,
2010,1494,Hines Ward,3,103.30,espn_exact,
2010,1753,Donovan McNabb,1,188.70,espn_exact,
2010,1756,Ricky Williams,2,96.40,espn_exact,
2010,1966,Donald Driver,3,79.50,espn_exact,
2010,2138,Thomas Jones,2,135.80,espn_exact,
2010,2330,Tom Brady,1,336.60,espn_exact,
2010,2553,LaDainian Tomlinson,2,164.20,espn_exact,
2010,2564,Santana Moss,3,142.90,espn_exact,
2010,2578,Reggie Wayne,3,169.50,espn_exact,
2010,2580,Drew Brees,1,305.00,espn_exact,
2010,2584,Chad Ochocinco,3,107.10,espn_exact,
2010,2622,Steve Smith Sr.,3,64.30,espn_exact,
2010,2670,Correll Buckhalter,2,60.70,nflverse_id,00-0020270
2010,2753,T.J. Houshmandzadeh,3,57.80,nflverse_id,00-0020438
2010,3561,Jabar Gaffney,3,100.50,espn_exact,
2010,3579,Clinton Portis,2,40.20,espn_exact,
2010,3619,Brian Westbrook,2,80.00,espn_exact,
2010,3636,David Garrard,1,246.90,espn_exact,
2010,3734,Ronald Curry,3,0.00,no_regular_season_stats,
2010,3784,Chester Taylor,2,58.60,nflverse_id,00-0021314
2010,4459,Carson Palmer,1,248.60,nflverse_id,00-0021429
2010,4461,Andre Johnson,3,171.60,espn_exact,
2010,4481,Willis McGahee,2,75.20,espn_exact,
2010,4482,Dallas Clark,4,52.70,nflverse_id,00-0022165
2010,4512,Anquan Boldin,3,123.90,espn_exact,
2010,4527,Jason Witten,4,154.20,espn_exact,
2010,4529,Nate Burleson,3,102.60,espn_exact,
2010,4549,Visanthe Shiancoe,4,65.00,nflverse_id,00-0022054
2010,4713,Kevin Walter,3,92.10,nflverse_id,00-0021931
2010,5209,Tony Romo,1,111.50,espn_exact,
2010,5362,Antonio Gates,4,139.20,espn_exact,
2010,5526,Eli Manning,1,265.00,espn_exact,
2010,5528,Larry Fitzgerald,3,151.70,espn_exact,
2010,5529,Philip Rivers,1,318.60,espn_exact,
2010,5531,Kellen Winslow,4,104.00,espn_exact,
2010,5536,Ben Roethlisberger,1,229.80,espn_exact,
2010,5538,Lee Evans,3,80.80,espn_exact,
2010,5549,Steven Jackson,2,197.40,espn_exact,
2010,5568,Julius Jones,2,26.20,nflverse_id,00-0022840
2010,5575,Devery Henderson,3,53.20,nflverse_id,00-0022929
2010,5603,Bernard Berrian,3,24.40,nflverse_id,00-0022807
2010,5606,Chris Cooley,4,102.90,espn_exact,
2010,5615,Matt Schaub,1,270.40,espn_exact,
2010,5633,Jerricho Cotchery,3,55.00,nflverse_id,00-0022811
2010,5679,Michael Turner,2,213.60,espn_exact,
2010,5760,Derrick Ward,2,61.80,nflverse_id,00-0022770
2010,5941,Wes Welker,3,127.80,espn_exact,
2010,6016,Malcom Floyd,3,109.70,espn_exact,
2010,8417,Ronnie Brown,2,123.60,espn_exact,
2010,8418,Braylon Edwards,3,136.80,espn_exact,
2010,8419,Cedric Benson,2,168.90,espn_exact,
2010,8420,Cadillac Williams,2,96.20,espn_exact,
2010,8439,Aaron Rodgers,1,336.20,espn_exact,
2010,8442,Roddy White,3,203.20,espn_exact,
2010,8444,Heath Miller,4,61.20,nflverse_id,00-0023465
2010,8475,Vincent Jackson,3,45.20,espn_exact,
2010,8479,Frank Gore,2,156.50,nflverse_id,00-0023500
2010,8523,Marion Barber,2,66.30,espn_exact,
2010,8524,Brandon Jacobs,2,138.20,espn_exact,
2010,8544,Darren Sproles,2,85.00,nflverse_id,00-0023564
2010,9475,Ryan Grant,2,4.50,nflverse_id,00-0022984
2010,9588,Reggie Bush,2,39.80,espn_exact,
2010,9589,Vince Young,1,99.90,espn_exact,
2010,9592,Vernon Davis,4,138.40,espn_exact,
2010,9597,Jay Cutler,1,232.00,nflverse_id,00-0024226
2010,9607,Laurence Maroney,2,12.40,nflverse_id,00-0024236
2010,9611,Santonio Holmes,3,109.30,espn_exact,
2010,9613,DeAngelo Williams,2,46.20,espn_exact,
2010,9616,Joseph Addai,2,83.90,espn_exact,
2010,9638,Greg Jennings,3,201.40,espn_exact,
2010,9646,Maurice Jones-Drew,2,200.10,espn_exact,
2010,9684,Owen Daniels,4,59.10,espn_exact,
2010,9705,Brandon Marshall,3,117.70,espn_exact,
2010,9731,Jerome Harrison,2,45.50,nflverse_id,00-0024359
2010,9838,Marques Colston,3,144.40,espn_exact,
2010,9864,Mike Bell,2,16.60,nflverse_id,00-0024011
2010,10147,Miles Austin,3,161.40,espn_exact,
2010,10195,Fred Jackson,2,153.20,espn_exact,
2010,10447,Calvin Johnson,3,191.20,espn_exact,
2010,10452,Adrian Peterson,2,241.90,espn_exact,
2010,10456,Marshawn Lynch,2,116.20,espn_exact,
2010,10467,Dwayne Bowe,3,210.60,espn_exact,
2010,10471,Robert Meachem,3,95.20,nflverse_id,00-0025414
2010,10475,Greg Olsen,4,68.40,nflverse_id,00-0025418
2010,10482,Zach Miller,4,99.50,espn_exact,
2010,10488,Sidney Rice,3,40.00,espn_exact,
2010,10495,Steve Smith,3,70.90,nflverse_id,00-0025438
2010,10523,Mike Sims-Walker,3,96.20,espn_exact,
2010,10544,Michael Bush,2,132.90,espn_exact,
2010,10585,Steve Breaston,3,87.90,espn_exact,
2010,10605,Brent Celek,4,75.10,nflverse_id,00-0025549
2010,10693,Ahmad Bradshaw,2,193.90,espn_exact,
2010,10713,Pierre Thomas,2,59.00,espn_exact,
2010,11237,Matt Ryan,1,281.20,espn_exact,
2010,11238,Darren McFadden,2,223.40,espn_exact,
2010,11247,Jonathan Stewart,2,98.30,espn_exact,
2010,11252,Joe Flacco,1,257.40,espn_exact,
2010,11256,Felix Jones,2,136.00,espn_exact,
2010,11257,Rashard Mendenhall,2,219.00,espn_exact,
2010,11258,Chris Johnson,2,229.90,espn_exact,
2010,11272,John Carlson,4,37.80,nflverse_id,00-0026178
2010,11276,Eddie Royal,3,82.80,espn_exact,
2010,11278,Matt Forte,2,215.60,espn_exact,
2010,11283,DeSean Jackson,3,166.00,espn_exact,
2010,11289,Ray Rice,2,213.90,espn_exact,
2010,11298,Kevin Smith,2,24.80,nflverse_id,00-0026204
2010,11307,Jamaal Charles,2,238.50,espn_exact,
2010,11315,Early Doucet,3,35.60,nflverse_id,00-0026221
2010,11323,Steve Slaton,2,10.40,nflverse_id,00-0026229
2010,11325,Jermichael Finley,4,36.10,nflverse_id,00-0026231
2010,11383,Tim Hightower,2,110.20,espn_exact,
2010,11408,Josh Morgan,3,81.50,nflverse_id,00-0026314
2010,11439,Pierre Garcon,3,116.00,espn_exact,
2010,11467,Justin Forsett,2,89.50,espn_exact,
2010,12482,Mark Sanchez,1,218.10,nflverse_id,00-0026898
2010,12483,Matthew Stafford,1,56.30,nflverse_id,00-0026498
2010,12489,Donald Brown,2,83.20,espn_exact,
2010,12497,Arian Foster,2,326.80,espn_exact,
2010,12500,Shonn Greene,2,96.60,espn_exact,
2010,12503,Rashad Jennings,2,93.20,espn_exact,
2010,12514,LeSean McCoy,2,221.20,espn_exact,
2010,12516,Knowshon Moreno,2,159.10,espn_exact,
2010,12525,Beanie Wells,2,59.10,nflverse_id,00-0027007
2010,12556,Kenny Britt,3,133.50,espn_exact,
2010,12561,Austin Collie,3,111.90,espn_exact,
2010,12563,Michael Crabtree,3,111.10,espn_exact,
2010,12569,Percy Harvin,3,140.50,espn_exact,
2010,12579,Jeremy Maclin,3,161.00,espn_exact,
2010,12581,Mohamed Massaquoi,3,64.00,nflverse_id,00-0027026
2010,12586,Hakeem Nicks,3,172.20,espn_exact,
2010,12601,Mike Wallace,3,195.60,espn_exact,
2010,12678,Johnny Knox,3,126.20,espn_exact,
2010,13203,C.J. Spiller,2,50.00,nflverse_id,00-0027861
2010,13204,Ryan Mathews,2,118.00,espn_exact,
2010,13205,Jahvid Best,2,141.00,espn_exact,
2010,13215,Dez Bryant,3,102.10,nflverse_id,00-0027902
2011,1056,Terrell Owens,3,0.00,no_regular_season_stats,
2011,1428,Peyton Manning,1,0.00,espn_exact,
2011,1494,Hines Ward,3,48.10,nflverse_id,00-0017162
2011,1753,Donovan McNabb,1,68.30,nflverse_id,00-0011022
2011,1756,Ricky Williams,2,60.70,nflverse_id,00-0017915
2011,1966,Donald Driver,3,80.50,nflverse_id,00-0004541
2011,2138,Thomas Jones,2,52.10,nflverse_id,00-0019641
2011,2139,Plaxico Burress,3,109.20,espn_exact,
2011,2330,Tom Brady,1,406.70,espn_exact,
2011,2549,Michael Vick,1,250.90,espn_exact,
2011,2553,LaDainian Tomlinson,2,90.90,nflverse_id,00-0020536
2011,2564,Santana Moss,3,83.40,espn_exact,
2011,2578,Reggie Wayne,3,121.00,espn_exact,
2011,2580,Drew Brees,1,440.20,espn_exact,
2011,2584,Chad Ochocinco,3,33.60,nflverse_id,00-0020397
2011,2622,Steve Smith Sr.,3,187.00,espn_exact,
2011,3593,Deion Branch,3,100.20,espn_exact,
2011,4461,Andre Johnson,3,62.00,espn_exact,
2011,4481,Willis McGahee,2,152.00,espn_exact,
2011,4482,Dallas Clark,4,45.20,nflverse_id,00-0022165
2011,4512,Anquan Boldin,3,106.70,espn_exact,
2011,4527,Jason Witten,4,125.20,espn_exact,
2011,4529,Nate Burleson,3,100.20,espn_exact,
2011,4582,Brandon Lloyd,3,126.60,espn_exact,
2011,5209,Tony Romo,1,310.80,espn_exact,
2011,5362,Antonio Gates,4,119.80,espn_exact,
2011,5526,Eli Manning,1,316.70,espn_exact,
2011,5528,Larry Fitzgerald,3,191.10,espn_exact,
2011,5529,Philip Rivers,1,284.40,espn_exact,
2011,5531,Kellen Winslow,4,90.30,espn_exact,
2011,5532,Roy Williams,3,62.70,espn_exact,
2011,5536,Ben Roethlisberger,1,240.40,espn_exact,
2011,5538,Lee Evans,3,7.40,nflverse_id,00-0022910
2011,5549,Steven Jackson,2,182.80,espn_exact,
2011,5603,Bernard Berrian,3,9.10,nflverse_id,00-0022807
2011,5615,Matt Schaub,1,172.50,nflverse_id,00-0022787
2011,5679,Michael Turner,2,213.80,espn_exact,
2011,5941,Wes Welker,3,215.90,espn_exact,
2011,6016,Malcom Floyd,3,118.60,espn_exact,
2011,8417,Ronnie Brown,2,17.60,espn_exact,
2011,8418,Braylon Edwards,3,18.10,nflverse_id,00-0023438
2011,8419,Cedric Benson,2,146.90,espn_exact,
2011,8425,Mike Williams,3,29.60,nflverse_id,00-0023452
2011,8439,Aaron Rodgers,1,450.30,espn_exact,
2011,8442,Roddy White,3,177.60,espn_exact,
2011,8475,Vincent Jackson,3,170.70,espn_exact,
2011,8479,Frank Gore,2,176.50,espn_exact,
2011,8524,Brandon Jacobs,2,120.90,espn_exact,
2011,8544,Darren Sproles,2,191.30,espn_exact,
2011,8644,Matt Cassel,1,105.30,nflverse_id,00-0023662
2011,9400,Lance Moore,3,114.70,nflverse_id,00-0023310
2011,9475,Ryan Grant,2,100.70,espn_exact,
2011,9588,Reggie Bush,2,177.20,espn_exact,
2011,9592,Vernon Davis,4,112.70,espn_exact,
2011,9597,Jay Cutler,1,150.30,espn_exact,
2011,9611,Santonio Holmes,3,114.10,espn_exact,
2011,9613,DeAngelo Williams,2,141.10,espn_exact,
2011,9614,Marcedes Lewis,4,46.00,nflverse_id,00-0024243
2011,9616,Joseph Addai,2,58.60,espn_exact,
2011,9638,Greg Jennings,3,150.90,espn_exact,
2011,9646,Maurice Jones-Drew,2,262.00,espn_exact,
2011,9684,Owen Daniels,4,85.70,espn_exact,
2011,9705,Brandon Marshall,3,157.70,espn_exact,
2011,9731,Jerome Harrison,2,4.40,espn_exact,
2011,9838,Marques Colston,3,161.30,espn_exact,
2011,10147,Miles Austin,3,101.20,espn_exact,
2011,10195,Fred Jackson,2,169.60,nflverse_id,00-0024204
2011,10447,Calvin Johnson,3,267.20,espn_exact,
2011,10452,Adrian Peterson,2,189.20,espn_exact,
2011,10456,Marshawn Lynch,2,216.60,espn_exact,
2011,10467,Dwayne Bowe,3,149.10,espn_exact,
2011,10471,Robert Meachem,3,100.80,espn_exact,
2011,10475,Greg Olsen,4,85.00,espn_exact,
2011,10482,Zach Miller,4,23.30,nflverse_id,00-0025425
2011,10488,Sidney Rice,3,62.90,nflverse_id,00-0025431
2011,10522,James Jones,3,107.50,espn_exact,
2011,10523,Mike Sims-Walker,3,15.00,nflverse_id,00-0025466
2011,10544,Michael Bush,2,185.50,espn_exact,
2011,10693,Ahmad Bradshaw,2,158.60,espn_exact,
2011,10713,Pierre Thomas,2,132.70,espn_exact,
2011,11237,Matt Ryan,1,305.40,espn_exact,
2011,11238,Darren McFadden,2,105.80,espn_exact,
2011,11247,Jonathan Stewart,2,147.40,espn_exact,
2011,11252,Joe Flacco,1,221.40,nflverse_id,00-0026158
2011,11256,Felix Jones,2,81.80,espn_exact,
2011,11257,Rashard Mendenhall,2,160.20,espn_exact,
2011,11258,Chris Johnson,2,169.50,espn_exact,
2011,11264,Dustin Keller,4,109.50,espn_exact,
2011,11270,Jordy Nelson,3,222.30,espn_exact,
2011,11278,Matt Forte,2,169.70,espn_exact,
2011,11283,DeSean Jackson,3,123.20,espn_exact,
2011,11289,Ray Rice,2,300.80,espn_exact,
2011,11307,Jamaal Charles,2,13.20,nflverse_id,00-0026213
2011,11325,Jermichael Finley,4,124.70,espn_exact,
2011,11329,Mario Manningham,3,77.30,espn_exact,
2011,11362,Ryan Torain,2,28.30,nflverse_id,00-0026279
2011,11383,Tim Hightower,2,49.70,nflverse_id,00-0026289
2011,11439,Pierre Garcon,3,132.50,espn_exact,
2011,11458,Stevie Johnson,3,142.40,espn_exact,
2011,11461,Peyton Hillis,2,87.70,espn_exact,
2011,11658,Mike Tolbert,2,150.30,espn_exact,
2011,11674,Danny Amendola,3,4.50,nflverse_id,00-0026035
2011,11754,BenJarvus Green-Ellis,2,148.60,espn_exact,
2011,11788,Danny Woodhead,2,60.80,espn_exact,
2011,12473,Josh Freeman,1,220.60,espn_exact,
2011,12482,Mark Sanchez,1,262.30,espn_exact,
2011,12483,Matthew Stafford,1,389.00,espn_exact,
2011,12497,Arian Foster,2,253.10,espn_exact,
2011,12500,Shonn Greene,2,162.50,espn_exact,
2011,12503,Rashad Jennings,2,0.00,no_regular_season_stats,
2011,12514,LeSean McCoy,2,281.40,espn_exact,
2011,12516,Knowshon Moreno,2,32.00,nflverse_id,00-0026988
2011,12525,Beanie Wells,2,165.90,espn_exact,
2011,12549,Brandon Pettigrew,4,107.70,espn_exact,
2011,12556,Kenny Britt,3,44.90,nflverse_id,00-0027006
2011,12561,Austin Collie,3,57.40,nflverse_id,00-0027092
2011,12563,Michael Crabtree,3,115.00,espn_exact,
2011,12569,Percy Harvin,3,182.90,espn_exact,
2011,12579,Jeremy Maclin,3,114.00,espn_exact,
2011,12586,Hakeem Nicks,3,161.20,espn_exact,
2011,12598,Mike Thomas,3,48.60,espn_exact,
2011,12601,Mike Wallace,3,174.00,espn_exact,
2011,12678,Johnny Knox,3,82.70,espn_exact,
2011,13197,Sam Bradford,1,92.40,nflverse_id,00-0027854
2011,13199,Colt McCoy,1,174.10,espn_exact,
2011,13203,C.J. Spiller,2,119.00,espn_exact,
2011,13204,Ryan Mathews,2,186.60,espn_exact,
2011,13205,Jahvid Best,2,86.70,espn_exact,
2011,13210,Ben Tate,2,122.00,espn_exact,
2011,13213,LeGarrette Blount,2,117.90,espn_exact,
2011,13214,James Starks,2,83.40,espn_exact,
2011,13215,Dez Bryant,3,146.30,espn_exact,
2011,13229,Rob Gronkowski,4,241.90,espn_exact,
2011,13230,Aaron Hernandez,4,135.50,espn_exact,
2011,13232,Jimmy Graham,4,195.00,espn_exact,
2011,13363,Jacoby Ford,3,41.00,espn_exact,
2011,13489,Mike Williams,3,91.40,espn_exact,
2011,13981,Mark Ingram,2,80.00,espn_exact,
2011,13982,Julio Jones,3,151.50,espn_exact,
2011,13983,A.J. Green,3,155.00,espn_exact,
2011,14024,Greg Little,3,85.40,espn_exact,
2011,14028,Stevan Ridley,2,51.40,nflverse_id,00-0028011
2011,14056,Daniel Thomas,2,69.30,nflverse_id,00-0028000
2011,14192,Roy Helu,2,116.90,espn_exact,
2012,1231,Tony Gonzalez,4,159.60,espn_exact,
2012,1428,Peyton Manning,1,280.96,espn_exact,
2012,1433,Randy Moss,3,67.00,nflverse_id,00-0011754
2012,2330,Tom Brady,1,302.46,espn_exact,
2012,2549,Michael Vick,1,120.68,nflverse_id,00-0020245
2012,2578,Reggie Wayne,3,184.20,espn_exact,
2012,2580,Drew Brees,1,310.34,espn_exact,
2012,2622,Steve Smith Sr.,3,156.70,espn_exact,
2012,4459,Carson Palmer,1,179.98,nflverse_id,00-0021429
2012,4461,Andre Johnson,3,208.20,espn_exact,
2012,4481,Willis McGahee,2,118.40,nflverse_id,00-0022178
2012,4512,Anquan Boldin,3,131.40,espn_exact,
2012,4527,Jason Witten,4,143.90,espn_exact,
2012,4529,Nate Burleson,3,48.20,nflverse_id,00-0021999
2012,4582,Brandon Lloyd,3,135.90,espn_exact,
2012,5209,Tony Romo,1,240.84,espn_exact,
2012,5362,Antonio Gates,4,105.60,espn_exact,
2012,5526,Eli Manning,1,194.52,espn_exact,
2012,5528,Larry Fitzgerald,3,118.00,espn_exact,
2012,5529,Philip Rivers,1,172.94,nflverse_id,00-0022942
2012,5536,Ben Roethlisberger,1,197.56,espn_exact,
2012,5549,Steven Jackson,2,169.90,espn_exact,
2012,5615,Matt Schaub,1,180.22,espn_exact,
2012,5679,Michael Turner,2,161.90,espn_exact,
2012,5941,Wes Welker,3,196.00,espn_exact,
2012,6016,Malcom Floyd,3,122.60,espn_exact,
2012,8419,Cedric Benson,2,43.30,espn_exact,
2012,8439,Aaron Rodgers,1,317.96,espn_exact,
2012,8442,Roddy White,3,197.50,espn_exact,
2012,8475,Vincent Jackson,3,202.80,espn_exact,
2012,8479,Frank Gore,2,208.20,espn_exact,
2012,8544,Darren Sproles,2,156.10,espn_exact,
2012,8664,Ryan Fitzpatrick,1,178.92,nflverse_id,00-0023682
2012,9307,Nate Washington,3,108.80,espn_exact,
2012,9400,Lance Moore,3,153.10,espn_exact,
2012,9588,Reggie Bush,2,179.80,espn_exact,
2012,9592,Vernon Davis,4,93.00,espn_exact,
2012,9597,Jay Cutler,1,145.22,nflverse_id,00-0024226
2012,9611,Santonio Holmes,3,35.20,espn_exact,
2012,9613,DeAngelo Williams,2,136.00,espn_exact,
2012,9638,Greg Jennings,3,67.80,espn_exact,
2012,9646,Maurice Jones-Drew,2,65.80,espn_exact,
2012,9684,Owen Daniels,4,120.00,espn_exact,
2012,9705,Brandon Marshall,3,240.20,espn_exact,
2012,9838,Marques Colston,3,188.00,espn_exact,
2012,10147,Miles Austin,3,141.50,espn_exact,
2012,10195,Fred Jackson,2,88.20,espn_exact,
2012,10447,Calvin Johnson,3,245.80,espn_exact,
2012,10452,Adrian Peterson,2,319.40,espn_exact,
2012,10456,Marshawn Lynch,2,252.20,espn_exact,
2012,10467,Dwayne Bowe,3,107.90,espn_exact,
2012,10471,Robert Meachem,3,34.90,nflverse_id,00-0025414
2012,10488,Sidney Rice,3,128.40,espn_exact,
2012,10519,Laurent Robinson,3,28.00,nflverse_id,00-0025462
2012,10544,Michael Bush,2,79.20,espn_exact,
2012,10693,Ahmad Bradshaw,2,160.60,espn_exact,
2012,10713,Pierre Thomas,2,102.50,espn_exact,
2012,11237,Matt Ryan,1,265.34,espn_exact,
2012,11238,Darren McFadden,2,119.90,espn_exact,
2012,11247,Jonathan Stewart,2,64.70,espn_exact,
2012,11252,Joe Flacco,1,189.14,espn_exact,
2012,11256,Felix Jones,2,97.40,espn_exact,
2012,11257,Rashard Mendenhall,2,30.20,nflverse_id,00-0026163
2012,11258,Chris Johnson,2,185.70,espn_exact,
2012,11270,Jordy Nelson,3,130.30,espn_exact,
2012,11278,Matt Forte,2,186.20,espn_exact,
2012,11282,Fred Davis,4,37.40,nflverse_id,00-0026188
2012,11283,DeSean Jackson,3,91.30,espn_exact,
2012,11289,Ray Rice,2,234.30,espn_exact,
2012,11298,Kevin Smith,2,35.30,nflverse_id,00-0026204
2012,11307,Jamaal Charles,2,214.50,espn_exact,
2012,11325,Jermichael Finley,4,88.90,espn_exact,
2012,11329,Mario Manningham,3,63.70,espn_exact,
2012,11373,Jacob Tamme,4,77.90,nflverse_id,00-0026267
2012,11439,Pierre Garcon,3,105.00,espn_exact,
2012,11458,Stevie Johnson,3,155.40,espn_exact,
2012,11461,Peyton Hillis,2,41.10,nflverse_id,00-0026367
2012,11658,Mike Tolbert,2,92.50,nflverse_id,00-0026069
2012,11674,Danny Amendola,3,96.00,espn_exact,
2012,11678,Davone Bess,3,96.00,nflverse_id,00-0026000
2012,11754,BenJarvus Green-Ellis,2,156.20,espn_exact,
2012,12473,Josh Freeman,1,211.28,espn_exact,
2012,12483,Matthew Stafford,1,219.22,espn_exact,
2012,12489,Donald Brown,2,60.80,espn_exact,
2012,12497,Arian Foster,2,270.10,espn_exact,
2012,12499,Mike Goodson,2,50.80,nflverse_id,00-0027080
2012,12500,Shonn Greene,2,171.20,espn_exact,
2012,12503,Rashad Jennings,2,57.10,espn_exact,
2012,12514,LeSean McCoy,2,156.10,espn_exact,
2012,12525,Beanie Wells,2,54.00,espn_exact,
2012,12537,Jared Cook,4,83.10,nflverse_id,00-0027061
2012,12549,Brandon Pettigrew,4,82.50,nflverse_id,00-0026996
2012,12556,Kenny Britt,3,91.90,espn_exact,
2012,12563,Michael Crabtree,3,183.30,espn_exact,
2012,12569,Percy Harvin,3,117.70,espn_exact,
2012,12570,Darrius Heyward-Bey,3,102.40,espn_exact,
2012,12576,Brandon LaFell,3,104.00,nflverse_id,00-0027681
2012,12579,Jeremy Maclin,3,141.50,espn_exact,
2012,12586,Hakeem Nicks,3,97.80,espn_exact,
2012,12601,Mike Wallace,3,146.10,espn_exact,
2012,13203,C.J. Spiller,2,223.90,espn_exact,
2012,13204,Ryan Mathews,2,105.70,espn_exact,
2012,13206,Jonathan Dwyer,2,84.50,espn_exact,
2012,13210,Ben Tate,2,45.00,espn_exact,
2012,13211,Toby Gerhart,2,38.40,nflverse_id,00-0027888
2012,13213,LeGarrette Blount,2,27.50,nflverse_id,00-0027325
2012,13214,James Starks,2,35.40,nflverse_id,00-0027791
2012,13215,Dez Bryant,3,229.10,espn_exact,
2012,13216,Demaryius Thomas,3,217.20,espn_exact,
2012,13229,Rob Gronkowski,4,154.00,espn_exact,
2012,13230,Aaron Hernandez,4,89.00,espn_exact,
2012,13232,Jimmy Graham,4,169.20,espn_exact,
2012,13271,Eric Decker,3,202.40,espn_exact,
2012,13489,Mike Williams,3,169.20,espn_exact,
2012,13553,Victor Cruz,3,188.40,espn_exact,
2012,13934,Antonio Brown,3,119.30,espn_exact,
2012,13981,Mark Ingram,2,94.30,espn_exact,
2012,13982,Julio Jones,3,201.60,espn_exact,
2012,13983,A.J. Green,3,225.20,espn_exact,
2012,13994,Cam Newton,1,287.08,espn_exact,
2012,14005,DeMarco Murray,2,118.40,espn_exact,
2012,14017,Shane Vereen,2,64.60,espn_exact,
2012,14021,Leonard Hankerson,3,82.40,espn_exact,
2012,14024,Greg Little,3,100.80,nflverse_id,00-0027997
2012,14028,Stevan Ridley,2,200.60,espn_exact,
2012,14032,Torrey Smith,3,145.20,espn_exact,
2012,14034,Titus Young,3,70.50,nflverse_id,00-0027982
2012,14053,Randall Cobb,3,176.60,espn_exact,
2012,14054,Kyle Rudolph,4,115.90,espn_exact,
2012,14056,Daniel Thomas,2,71.10,espn_exact,
2012,14129,Bilal Powell,2,85.10,espn_exact,
2012,14153,Denarius Moore,3,125.80,espn_exact,
2012,14192,Roy Helu,2,6.10,nflverse_id,00-0028043
2012,14193,Jacquizz Rodgers,2,99.00,espn_exact,
2012,14874,Andrew Luck,1,229.60,espn_exact,
2012,14875,Robert Griffin,1,291.96,espn_exact,
2012,14884,Trent Richardson,2,213.90,espn_exact,
2012,14885,Doug Martin,2,277.40,espn_exact,
2012,14887,David Wilson,2,76.00,espn_exact,
2012,14907,Justin Blackmon,3,134.60,espn_exact,
2012,14909,Kendall Wright,3,97.80,espn_exact,
2012,14911,Rueben Randle,3,51.60,nflverse_id,00-0029262
2013,1231,Tony Gonzalez,4,152.50,espn_exact,
2013,1428,Peyton Manning,1,383.85,espn_exact,
2013,2330,Tom Brady,1,203.55,espn_exact,
2013,2549,Michael Vick,1,88.75,nflverse_id,00-0020245
2013,2578,Reggie Wayne,3,72.40,nflverse_id,00-0020498
2013,2580,Drew Brees,1,322.75,espn_exact,
2013,2622,Steve Smith Sr.,3,111.30,espn_exact,
2013,4461,Andre Johnson,3,194.50,espn_exact,
2013,4512,Anquan Boldin,3,178.00,espn_exact,
2013,4527,Jason Witten,4,147.70,espn_exact,
2013,5209,Tony Romo,1,235.85,espn_exact,
2013,5362,Antonio Gates,4,123.60,espn_exact,
2013,5526,Eli Manning,1,123.95,nflverse_id,00-0022803
2013,5528,Larry Fitzgerald,3,172.60,espn_exact,
2013,5529,Philip Rivers,1,248.75,espn_exact,
2013,5536,Ben Roethlisberger,1,217.30,espn_exact,
2013,5549,Steven Jackson,2,121.90,espn_exact,
2013,5941,Wes Welker,3,150.40,espn_exact,
2013,6016,Malcom Floyd,3,16.10,nflverse_id,00-0022414
2013,8439,Aaron Rodgers,1,148.85,espn_exact,
2013,8442,Roddy White,3,99.70,espn_exact,
2013,8475,Vincent Jackson,3,181.00,espn_exact,
2013,8479,Frank Gore,2,178.10,espn_exact,
2013,8544,Darren Sproles,2,116.60,espn_exact,
2013,9400,Lance Moore,3,63.10,nflverse_id,00-0023310
2013,9588,Reggie Bush,2,197.00,espn_exact,
2013,9592,Vernon Davis,4,174.40,espn_exact,
2013,9597,Jay Cutler,1,142.65,nflverse_id,00-0024226
2013,9613,DeAngelo Williams,2,144.80,espn_exact,
2013,9638,Greg Jennings,3,120.00,espn_exact,
2013,9646,Maurice Jones-Drew,2,153.30,espn_exact,
2013,9684,Owen Daniels,4,48.00,espn_exact,
2013,9705,Brandon Marshall,3,225.50,espn_exact,
2013,9838,Marques Colston,3,139.30,espn_exact,
2013,10147,Miles Austin,3,29.20,nflverse_id,00-0023921
2013,10195,Fred Jackson,2,197.70,espn_exact,
2013,10447,Calvin Johnson,3,239.00,espn_exact,
2013,10452,Adrian Peterson,2,211.50,espn_exact,
2013,10456,Marshawn Lynch,2,246.50,espn_exact,
2013,10467,Dwayne Bowe,3,108.70,espn_exact,
2013,10475,Greg Olsen,4,132.20,espn_exact,
2013,10488,Sidney Rice,3,42.10,nflverse_id,00-0025431
2013,10522,James Jones,3,110.50,espn_exact,
2013,10544,Michael Bush,2,49.30,nflverse_id,00-0025487
2013,10693,Ahmad Bradshaw,2,36.20,nflverse_id,00-0025637
2013,11237,Matt Ryan,1,206.65,espn_exact,
2013,11238,Darren McFadden,2,85.10,espn_exact,
2013,11247,Jonathan Stewart,2,23.80,nflverse_id,00-0026153
2013,11252,Joe Flacco,1,159.45,espn_exact,
2013,11257,Rashard Mendenhall,2,129.70,espn_exact,
2013,11258,Chris Johnson,2,208.60,espn_exact,
2013,11270,Jordy Nelson,3,198.40,espn_exact,
2013,11278,Matt Forte,2,280.10,espn_exact,
2013,11282,Fred Davis,4,14.40,nflverse_id,00-0026188
2013,11283,DeSean Jackson,3,206.80,espn_exact,
2013,11289,Ray Rice,2,131.70,espn_exact,
2013,11295,Martellus Bennett,4,116.90,espn_exact,
2013,11307,Jamaal Charles,2,324.00,espn_exact,
2013,11325,Jermichael Finley,4,53.00,nflverse_id,00-0026231
2013,11439,Pierre Garcon,3,188.10,espn_exact,
2013,11458,Stevie Johnson,3,89.10,espn_exact,
2013,11674,Danny Amendola,3,86.20,espn_exact,
2013,11754,BenJarvus Green-Ellis,2,116.60,espn_exact,
2013,12483,Matthew Stafford,1,234.20,espn_exact,
2013,12490,Andre Brown,2,77.50,espn_exact,
2013,12497,Arian Foster,2,90.90,nflverse_id,00-0026796
2013,12500,Shonn Greene,2,58.60,nflverse_id,00-0026899
2013,12514,LeSean McCoy,2,292.00,espn_exact,
2013,12537,Jared Cook,4,105.30,espn_exact,
2013,12549,Brandon Pettigrew,4,59.80,nflverse_id,00-0026996
2013,12556,Kenny Britt,3,11.80,nflverse_id,00-0027006
2013,12568,Brian Hartline,3,140.80,espn_exact,
2013,12586,Hakeem Nicks,3,100.80,espn_exact,
2013,12601,Mike Wallace,3,141.90,espn_exact,
2013,12705,Brandon Myers,4,85.60,espn_exact,
2013,13203,C.J. Spiller,2,128.80,espn_exact,
2013,13204,Ryan Mathews,2,189.60,espn_exact,
2013,13210,Ben Tate,2,117.90,espn_exact,
2013,13215,Dez Bryant,3,219.00,espn_exact,
2013,13216,Demaryius Thomas,3,247.40,espn_exact,
2013,13217,Golden Tate,3,137.70,espn_exact,
2013,13226,Andre Roberts,3,67.70,nflverse_id,00-0027691
2013,13229,Rob Gronkowski,4,91.00,nflverse_id,00-0027656
2013,13232,Jimmy Graham,4,238.70,espn_exact,
2013,13271,Eric Decker,3,211.20,espn_exact,
2013,13295,Emmanuel Sanders,3,127.90,nflverse_id,00-0027685
2013,13489,Mike Williams,3,38.00,nflverse_id,00-0027702
2013,13553,Victor Cruz,3,138.40,espn_exact,
2013,13587,Chris Ivory,2,102.70,espn_exact,
2013,13934,Antonio Brown,3,229.30,espn_exact,
2013,13981,Mark Ingram,2,52.80,nflverse_id,00-0027966
2013,13982,Julio Jones,3,76.90,nflverse_id,00-0027944
2013,13983,A.J. Green,3,232.20,espn_exact,
2013,13994,Cam Newton,1,267.45,espn_exact,
2013,14001,Colin Kaepernick,1,228.80,espn_exact,
2013,14005,DeMarco Murray,2,215.70,espn_exact,
2013,14012,Andy Dalton,1,250.20,espn_exact,
2013,14017,Shane Vereen,2,96.90,espn_exact,
2013,14028,Stevan Ridley,2,119.50,espn_exact,
2013,14032,Torrey Smith,3,151.80,espn_exact,
2013,14052,Mikel Leshoure,2,0.90,nflverse_id,00-0027995
2013,14053,Randall Cobb,3,81.30,nflverse_id,00-0028002
2013,14054,Kyle Rudolph,4,55.30,nflverse_id,00-0027981
2013,14056,Daniel Thomas,2,85.90,espn_exact,
2013,14129,Bilal Powell,2,110.10,espn_exact,
2013,14151,Jeremy Kerley,3,80.00,nflverse_id,00-0028091
2013,14153,Denarius Moore,3,109.70,espn_exact,
2013,14184,Cecil Shorts,3,108.90,espn_exact,
2013,14189,Jordan Cameron,4,149.70,espn_exact,
2013,14192,Roy Helu,2,82.70,espn_exact,
2013,14193,Jacquizz Rodgers,2,99.80,espn_exact,
2013,14874,Andrew Luck,1,254.05,espn_exact,
2013,14875,Robert Griffin,1,175.00,nflverse_id,00-0029665
2013,14881,Russell Wilson,1,245.70,espn_exact,
2013,14884,Trent Richardson,2,116.90,espn_exact,
2013,14885,Doug Martin,2,58.60,nflverse_id,00-0029613
2013,14886,Lamar Miller,2,103.10,espn_exact,
2013,14887,David Wilson,2,17.80,nflverse_id,00-0029251
2013,14891,Bernard Pierce,2,70.00,espn_exact,
2013,14895,Ronnie Hillman,2,40.10,nflverse_id,00-0029683
2013,14898,Vick Ballard,2,6.00,nflverse_id,00-0029547
2013,14907,Justin Blackmon,3,53.20,nflverse_id,00-0029707
2013,14908,Michael Floyd,3,148.10,espn_exact,
2013,14909,Kendall Wright,3,138.70,espn_exact,
2013,14911,Rueben Randle,3,103.30,espn_exact,
2013,14912,Alshon Jeffery,3,215.40,espn_exact,
2013,14924,T.Y. Hilton,3,157.30,espn_exact,
2013,15009,Alfred Morris,2,172.10,espn_exact,
2013,15078,Chris Givens,3,62.50,nflverse_id,00-0029614
2013,15092,Bryce Brown,2,55.40,nflverse_id,00-0029429
2013,15111,Daryl Richardson,2,36.40,nflverse_id,00-0029612
2013,15705,Josh Gordon,3,249.80,espn_exact,
2013,15786,Tavon Austin,3,101.90,espn_exact,
2013,15788,Tyler Eifert,4,64.30,nflverse_id,00-0030549
2013,15795,DeAndre Hopkins,3,100.60,espn_exact,
2013,15807,Cordarrelle Patterson,3,127.70,espn_exact,
2013,15823,Montee Ball,2,92.40,espn_exact,
2013,15825,Le'Veon Bell,2,180.90,espn_exact,
2013,15826,Giovani Bernard,2,178.10,espn_exact,
2013,15848,Eddie Lacy,2,214.50,espn_exact,
2013,15855,Christine Michael,2,7.90,nflverse_id,00-0030432
2013,15996,Zac Stacy,2,163.60,espn_exact,
2014,1428,Peyton Manning,1,277.75,espn_exact,
2014,2330,Tom Brady,1,243.90,espn_exact,
2014,2578,Reggie Wayne,3,101.70,espn_exact,
2014,2580,Drew Brees,1,257.95,espn_exact,
2014,2622,Steve Smith Sr.,3,159.30,espn_exact,
2014,4459,Carson Palmer,1,89.40,nflverse_id,00-0021429
2014,4461,Andre Johnson,3,122.60,espn_exact,
2014,4512,Anquan Boldin,3,154.20,espn_exact,
2014,4527,Jason Witten,4,113.10,espn_exact,
2014,5209,Tony Romo,1,239.75,espn_exact,
2014,5528,Larry Fitzgerald,3,102.00,espn_exact,
2014,5529,Philip Rivers,1,221.25,espn_exact,
2014,5549,Steven Jackson,2,125.50,espn_exact,
2014,5941,Wes Welker,3,68.20,nflverse_id,00-0022427
2014,8439,Aaron Rodgers,1,331.35,espn_exact,
2014,8442,Roddy White,3,148.10,espn_exact,
2014,8475,Vincent Jackson,3,124.20,espn_exact,
2014,8479,Frank Gore,2,151.90,espn_exact,
2014,8544,Darren Sproles,2,126.60,espn_exact,
2014,9588,Reggie Bush,2,75.00,nflverse_id,00-0024217
2014,9592,Vernon Davis,4,42.10,nflverse_id,00-0024221
2014,9597,Jay Cutler,1,215.75,espn_exact,
2014,9613,DeAngelo Williams,2,25.30,nflverse_id,00-0024242
2014,9638,Greg Jennings,3,122.00,nflverse_id,00-0024267
2014,9646,Maurice Jones-Drew,2,18.90,nflverse_id,00-0024275
2014,9705,Brandon Marshall,3,132.30,espn_exact,
2014,9761,Delanie Walker,4,126.60,espn_exact,
2014,9838,Marques Colston,3,130.00,espn_exact,
2014,10195,Fred Jackson,2,135.80,espn_exact,
2014,10447,Calvin Johnson,3,171.90,espn_exact,
2014,10452,Adrian Peterson,2,9.70,espn_exact,
2014,10456,Marshawn Lynch,2,273.70,espn_exact,
2014,10467,Dwayne Bowe,3,87.40,espn_exact,
2014,10475,Greg Olsen,4,153.60,espn_exact,
2014,10522,James Jones,3,115.20,espn_exact,
2014,10693,Ahmad Bradshaw,2,124.10,nflverse_id,00-0025637
2014,10713,Pierre Thomas,2,87.00,espn_exact,
2014,11237,Matt Ryan,1,239.65,espn_exact,
2014,11238,Darren McFadden,2,91.80,espn_exact,
2014,11258,Chris Johnson,2,96.20,espn_exact,
2014,11270,Jordy Nelson,3,256.50,espn_exact,
2014,11278,Matt Forte,2,265.00,espn_exact,
2014,11283,DeSean Jackson,3,169.80,espn_exact,
2014,11289,Ray Rice,2,0.00,no_regular_season_stats,
2014,11307,Jamaal Charles,2,219.40,espn_exact,
2014,11439,Pierre Garcon,3,106.80,nflverse_id,00-0026345
2014,11674,Danny Amendola,3,31.40,nflverse_id,00-0026035
2014,11754,BenJarvus Green-Ellis,2,0.00,no_regular_season_stats,
2014,11788,Danny Woodhead,2,8.20,nflverse_id,00-0026019
2014,12483,Matthew Stafford,1,202.35,espn_exact,
2014,12489,Donald Brown,2,49.20,espn_exact,
2014,12497,Arian Foster,2,244.90,espn_exact,
2014,12500,Shonn Greene,2,50.70,nflverse_id,00-0026899
2014,12503,Rashad Jennings,2,114.50,nflverse_id,00-0027155
2014,12514,LeSean McCoy,2,177.00,espn_exact,
2014,12516,Knowshon Moreno,2,21.80,nflverse_id,00-0026988
2014,12556,Kenny Britt,3,104.80,espn_exact,
2014,12563,Michael Crabtree,3,108.80,espn_exact,
2014,12568,Brian Hartline,3,67.20,nflverse_id,00-0027077
2014,12569,Percy Harvin,3,89.70,espn_exact,
2014,12579,Jeremy Maclin,3,211.80,espn_exact,
2014,12586,Hakeem Nicks,3,72.10,espn_exact,
2014,12601,Mike Wallace,3,159.20,espn_exact,
2014,12649,Julian Edelman,3,156.00,espn_exact,
2014,13203,C.J. Spiller,2,56.30,espn_exact,
2014,13204,Ryan Mathews,2,59.70,espn_exact,
2014,13210,Ben Tate,2,68.90,nflverse_id,00-0027890
2014,13211,Toby Gerhart,2,65.20,espn_exact,
2014,13214,James Starks,2,62.90,espn_exact,
2014,13215,Dez Bryant,3,248.60,espn_exact,
2014,13216,Demaryius Thomas,3,254.10,espn_exact,
2014,13217,Golden Tate,3,181.90,espn_exact,
2014,13225,Riley Cooper,3,84.70,nflverse_id,00-0027758
2014,13229,Rob Gronkowski,4,201.80,espn_exact,
2014,13231,Dennis Pitta,4,15.70,nflverse_id,00-0027714
2014,13232,Jimmy Graham,4,161.90,espn_exact,
2014,13271,Eric Decker,3,142.00,espn_exact,
2014,13295,Emmanuel Sanders,3,222.00,espn_exact,
2014,13536,Joique Bell,2,171.00,espn_exact,
2014,13553,Victor Cruz,3,44.30,nflverse_id,00-0027265
2014,13587,Chris Ivory,2,139.00,espn_exact,
2014,13934,Antonio Brown,3,286.90,espn_exact,
2014,13981,Mark Ingram,2,168.70,espn_exact,
2014,13982,Julio Jones,3,215.20,espn_exact,
2014,13983,A.J. Green,3,152.10,espn_exact,
2014,13994,Cam Newton,1,212.30,espn_exact,
2014,14001,Colin Kaepernick,1,214.70,nflverse_id,00-0027974
2014,14005,DeMarco Murray,2,305.50,espn_exact,
2014,14017,Shane Vereen,2,125.20,espn_exact,
2014,14028,Stevan Ridley,2,48.80,nflverse_id,00-0028011
2014,14032,Torrey Smith,3,152.50,espn_exact,
2014,14053,Randall Cobb,3,221.60,espn_exact,
2014,14054,Kyle Rudolph,4,39.90,nflverse_id,00-0027981
2014,14145,Charles Clay,4,90.10,espn_exact,
2014,14153,Denarius Moore,3,12.00,nflverse_id,00-0028086
2014,14184,Cecil Shorts,3,75.30,nflverse_id,00-0028052
2014,14189,Jordan Cameron,4,61.20,espn_exact,
2014,14193,Jacquizz Rodgers,2,56.80,nflverse_id,00-0028083
2014,14204,Julius Thomas,4,129.50,espn_exact,
2014,14874,Andrew Luck,1,319.45,espn_exact,
2014,14875,Robert Griffin,1,64.50,espn_exact,
2014,14877,Nick Foles,1,99.95,nflverse_id,00-0029567
2014,14881,Russell Wilson,1,286.75,espn_exact,
2014,14884,Trent Richardson,2,96.20,nflverse_id,00-0029675
2014,14885,Doug Martin,2,70.40,espn_exact,
2014,14886,Lamar Miller,2,194.00,espn_exact,
2014,14891,Bernard Pierce,2,48.30,nflverse_id,00-0029264
2014,14908,Michael Floyd,3,127.70,nflverse_id,00-0029638
2014,14909,Kendall Wright,3,122.30,espn_exact,
2014,14911,Rueben Randle,3,126.00,nflverse_id,00-0029262
2014,14912,Alshon Jeffery,3,193.60,espn_exact,
2014,14924,T.Y. Hilton,3,194.90,espn_exact,
2014,15009,Alfred Morris,2,174.30,espn_exact,
2014,15358,Jarrett Boykin,3,2.90,nflverse_id,00-0029051
2014,15705,Josh Gordon,3,35.10,espn_exact,
2014,15786,Tavon Austin,3,70.80,nflverse_id,00-0030525
2014,15795,DeAndre Hopkins,3,172.20,espn_exact,
2014,15807,Cordarrelle Patterson,3,66.70,nflverse_id,00-0030578
2014,15818,Keenan Allen,3,113.70,espn_exact,
2014,15823,Montee Ball,2,29.20,espn_exact,
2014,15825,Le'Veon Bell,2,304.10,espn_exact,
2014,15826,Giovani Bernard,2,154.50,espn_exact,
2014,15832,Knile Davis,2,109.20,espn_exact,
2014,15835,Zach Ertz,4,97.80,espn_exact,
2014,15848,Eddie Lacy,2,241.00,espn_exact,
2014,15855,Christine Michael,2,18.90,nflverse_id,00-0030432
2014,15860,Jordan Reed,4,54.50,espn_exact,
2014,15873,Markus Wheaton,3,88.90,nflverse_id,00-0030460
2014,15878,Terrance Williams,3,119.50,espn_exact,
2014,15893,Andre Ellington,2,141.70,espn_exact,
2014,15996,Zac Stacy,2,50.10,nflverse_id,00-0030536
2014,16725,Sammy Watkins,3,148.00,espn_exact,
2014,16730,Kelvin Benjamin,3,168.40,espn_exact,
2014,16731,Brandin Cooks,3,97.90,espn_exact,
2014,16737,Mike Evans,3,191.70,espn_exact,
2014,16763,Jordan Matthews,3,149.60,espn_exact,
2014,16777,Carlos Hyde,2,64.50,espn_exact,
2014,16783,Terrance West,2,103.90,espn_exact,
2014,16784,Tre Mason,2,123.50,espn_exact,
2014,16794,Bishop Sankey,2,81.80,espn_exact,
2014,16803,Jeremy Hill,2,191.30,espn_exact,
2014,16889,Andre Williams,2,131.70,espn_exact,
2014,16913,James White,2,7.10,nflverse_id,00-0031062
2014,16944,Devonta Freeman,2,63.30,nflverse_id,00-0031285
2015,1428,Peyton Manning,1,58.85,nflverse_id,00-0010346
2015,2330,Tom Brady,1,304.25,espn_exact,
2015,2578,Reggie Wayne,3,0.00,no_regular_season_stats,
2015,2580,Drew Brees,1,269.95,espn_exact,
2015,2622,Steve Smith Sr.,3,95.20,espn_exact,
2015,4461,Andre Johnson,3,82.50,nflverse_id,00-0022044
2015,4512,Anquan Boldin,3,114.70,espn_exact,
2015,4527,Jason Witten,4,102.70,espn_exact,
2015,5209,Tony Romo,1,30.25,nflverse_id,00-0021678
2015,5526,Eli Manning,1,257.70,espn_exact,
2015,5528,Larry Fitzgerald,3,193.30,espn_exact,
2015,5529,Philip Rivers,1,244.50,espn_exact,
2015,5536,Ben Roethlisberger,1,185.80,espn_exact,
2015,6016,Malcom Floyd,3,80.10,espn_exact,
2015,8439,Aaron Rodgers,1,270.75,espn_exact,
2015,8442,Roddy White,3,65.20,espn_exact,
2015,8475,Vincent Jackson,3,80.90,nflverse_id,00-0023496
2015,8479,Frank Gore,2,166.20,espn_exact,
2015,8544,Darren Sproles,2,117.50,espn_exact,
2015,9588,Reggie Bush,2,5.50,nflverse_id,00-0024217
2015,9613,DeAngelo Williams,2,199.40,espn_exact,
2015,9705,Brandon Marshall,3,253.00,espn_exact,
2015,9761,Delanie Walker,4,171.20,espn_exact,
2015,9838,Marques Colston,3,86.00,espn_exact,
2015,10195,Fred Jackson,2,52.10,nflverse_id,00-0024204
2015,10447,Calvin Johnson,3,191.00,espn_exact,
2015,10452,Adrian Peterson,2,239.70,espn_exact,
2015,10456,Marshawn Lynch,2,72.30,espn_exact,
2015,10467,Dwayne Bowe,3,6.30,nflverse_id,00-0025410
2015,10475,Greg Olsen,4,165.80,espn_exact,
2015,11237,Matt Ryan,1,179.75,espn_exact,
2015,11238,Darren McFadden,2,163.70,espn_exact,
2015,11247,Jonathan Stewart,2,150.00,espn_exact,
2015,11276,Eddie Royal,3,37.10,espn_exact,
2015,11278,Matt Forte,2,179.50,espn_exact,
2015,11283,DeSean Jackson,3,83.80,espn_exact,
2015,11295,Martellus Bennett,4,72.50,espn_exact,
2015,11307,Jamaal Charles,2,84.30,nflverse_id,00-0026213
2015,11439,Pierre Garcon,3,128.10,espn_exact,
2015,11467,Justin Forsett,2,97.60,nflverse_id,00-0026373
2015,11674,Danny Amendola,3,94.90,espn_exact,
2015,11788,Danny Woodhead,2,179.30,espn_exact,
2015,12483,Matthew Stafford,1,251.25,espn_exact,
2015,12497,Arian Foster,2,59.40,nflverse_id,00-0026796
2015,12503,Rashad Jennings,2,142.70,espn_exact,
2015,12514,LeSean McCoy,2,154.10,espn_exact,
2015,12576,Brandon LaFell,3,59.80,espn_exact,
2015,12579,Jeremy Maclin,3,174.60,espn_exact,
2015,12601,Mike Wallace,3,67.70,espn_exact,
2015,12649,Julian Edelman,3,124.70,espn_exact,
2015,13197,Sam Bradford,1,153.25,nflverse_id,00-0027854
2015,13203,C.J. Spiller,2,54.90,espn_exact,
2015,13204,Ryan Mathews,2,109.50,espn_exact,
2015,13213,LeGarrette Blount,2,117.80,nflverse_id,00-0027325
2015,13215,Dez Bryant,3,64.30,espn_exact,
2015,13216,Demaryius Thomas,3,186.40,espn_exact,
2015,13217,Golden Tate,3,137.40,espn_exact,
2015,13229,Rob Gronkowski,4,200.00,espn_exact,
2015,13232,Jimmy Graham,4,82.10,nflverse_id,00-0027696
2015,13271,Eric Decker,3,188.70,espn_exact,
2015,13295,Emmanuel Sanders,3,166.60,espn_exact,
2015,13536,Joique Bell,2,88.10,nflverse_id,00-0027218
2015,13553,Victor Cruz,3,0.00,espn_exact,
2015,13587,Chris Ivory,2,178.70,espn_exact,
2015,13934,Antonio Brown,3,280.40,espn_exact,
2015,13981,Mark Ingram,2,163.40,nflverse_id,00-0027966
2015,13982,Julio Jones,3,268.30,espn_exact,
2015,13983,A.J. Green,3,206.90,espn_exact,
2015,13994,Cam Newton,1,356.25,espn_exact,
2015,14001,Colin Kaepernick,1,85.80,nflverse_id,00-0027974
2015,14005,DeMarco Murray,2,150.20,espn_exact,
2015,14017,Shane Vereen,2,111.30,espn_exact,
2015,14032,Torrey Smith,3,98.90,nflverse_id,00-0027996
2015,14053,Randall Cobb,3,146.70,espn_exact,
2015,14189,Jordan Cameron,4,63.60,espn_exact,
2015,14204,Julius Thomas,4,84.70,espn_exact,
2015,14874,Andrew Luck,1,116.20,nflverse_id,00-0029668
2015,14876,Ryan Tannehill,1,215.10,espn_exact,
2015,14881,Russell Wilson,1,305.50,espn_exact,
2015,14885,Doug Martin,2,205.90,espn_exact,
2015,14886,Lamar Miller,2,196.30,espn_exact,
2015,14895,Ronnie Hillman,2,143.20,espn_exact,
2015,14901,Dwayne Allen,4,20.20,nflverse_id,00-0029689
2015,14908,Michael Floyd,3,133.30,espn_exact,
2015,14909,Kendall Wright,3,68.70,espn_exact,
2015,14912,Alshon Jeffery,3,115.50,espn_exact,
2015,14924,T.Y. Hilton,3,158.20,espn_exact,
2015,15009,Alfred Morris,2,88.60,espn_exact,
2015,15072,Marvin Jones Jr.,3,122.90,espn_exact,
2015,15364,Jonas Gray,2,26.60,nflverse_id,00-0029104
2015,15788,Tyler Eifert,4,149.90,espn_exact,
2015,15795,DeAndre Hopkins,3,243.30,espn_exact,
2015,15818,Keenan Allen,3,107.90,nflverse_id,00-0030279
2015,15823,Montee Ball,2,0.00,no_regular_season_stats,
2015,15825,Le'Veon Bell,2,92.00,espn_exact,
2015,15826,Giovani Bernard,2,142.00,espn_exact,
2015,15832,Knile Davis,2,16.00,nflverse_id,00-0030280
2015,15835,Zach Ertz,4,110.30,espn_exact,
2015,15847,Travis Kelce,4,132.90,espn_exact,
2015,15848,Eddie Lacy,2,124.60,espn_exact,
2015,15873,Markus Wheaton,3,117.70,espn_exact,
2015,15885,Charles Johnson,3,14.50,nflverse_id,00-0030113
2015,15893,Andre Ellington,2,64.70,espn_exact,
2015,15920,Latavius Murray,2,172.00,espn_exact,
2015,15951,Denard Robinson,2,51.20,espn_exact,
2015,15994,Theo Riddick,2,115.00,espn_exact,
2015,16013,Joseph Randle,2,66.10,nflverse_id,00-0030388
2015,16040,C.J. Anderson,2,122.30,espn_exact,
2015,16725,Sammy Watkins,3,173.80,espn_exact,
2015,16731,Brandin Cooks,3,189.40,espn_exact,
2015,16733,Odell Beckham Jr.,3,247.50,espn_exact,
2015,16737,Mike Evans,3,152.40,espn_exact,
2015,16749,Charles Sims,2,140.20,espn_exact,
2015,16763,Jordan Matthews,3,164.70,espn_exact,
2015,16777,Carlos Hyde,2,72.50,nflverse_id,00-0031045
2015,16782,Jerick McKinnon,2,66.60,nflverse_id,00-0031376
2015,16784,Tre Mason,2,37.10,nflverse_id,00-0031391
2015,16790,Jarvis Landry,3,188.20,espn_exact,
2015,16791,Donte Moncrief,3,122.10,espn_exact,
2015,16794,Bishop Sankey,2,46.00,nflverse_id,00-0031413
2015,16795,Austin Seferian-Jenkins,4,64.00,espn_exact,
2015,16799,Allen Robinson,3,242.00,espn_exact,
2015,16800,Davante Adams,3,66.30,nflverse_id,00-0031381
2015,16803,Jeremy Hill,2,158.30,espn_exact,
2015,16804,John Brown,3,156.50,espn_exact,
2015,16886,Martavis Bryant,3,132.20,espn_exact,
2015,16889,Andre Williams,2,34.60,espn_exact,
2015,16921,Alfred Blue,2,99.70,espn_exact,
2015,16944,Devonta Freeman,2,258.00,espn_exact,
2015,16950,Lorenzo Taliaferro,2,14.60,nflverse_id,00-0031066
2015,17133,Isaiah Crowell,2,122.60,espn_exact,
2015,2508176,David Johnson,2,189.00,espn_exact,
2015,2576336,Ameer Abdullah,2,97.00,espn_exact,
2015,2576434,Melvin Gordon,2,81.90,espn_exact,
2015,2576623,DeVante Parker,3,72.60,espn_exact,
2015,2969962,Duke Johnson Jr.,2,115.50,espn_exact,
2015,2971433,Dorial Green-Beckham,3,88.30,espn_exact,
2015,2971618,Nelson Agholor,3,36.90,nflverse_id,00-0031549
2015,2976499,Amari Cooper,3,157.10,espn_exact,
2015,2976516,T.J. Yeldon,2,127.10,espn_exact,
2015,2977609,Devin Funchess,3,81.50,nflverse_id,00-0032055
2015,2977644,Todd Gurley II,2,192.60,espn_exact,
2015,2979477,Tevin Coleman,2,41.00,nflverse_id,00-0032058
2015,2980105,Matt Jones,2,100.20,espn_exact,
2016,2330,Tom Brady,1,234.90,espn_exact,
2016,2580,Drew Brees,1,291.40,espn_exact,
2016,2622,Steve Smith Sr.,3,128.90,espn_exact,
2016,4459,Carson Palmer,1,199.70,espn_exact,
2016,4527,Jason Witten,4,97.10,espn_exact,
2016,5209,Tony Romo,1,5.00,nflverse_id,00-0021678
2016,5362,Antonio Gates,4,105.40,espn_exact,
2016,5526,Eli Manning,1,177.45,nflverse_id,00-0022803
2016,5528,Larry Fitzgerald,3,158.20,espn_exact,
2016,5529,Philip Rivers,1,228.95,espn_exact,
2016,5536,Ben Roethlisberger,1,217.75,espn_exact,
2016,8439,Aaron Rodgers,1,349.35,espn_exact,
2016,8475,Vincent Jackson,3,20.30,nflverse_id,00-0023496
2016,8479,Frank Gore,2,183.80,espn_exact,
2016,8544,Darren Sproles,2,121.90,espn_exact,
2016,8664,Ryan Fitzpatrick,1,91.15,nflverse_id,00-0023682
2016,9613,DeAngelo Williams,2,85.70,nflverse_id,00-0024242
2016,9705,Brandon Marshall,3,108.60,espn_exact,
2016,9761,Delanie Walker,4,136.10,espn_exact,
2016,10452,Adrian Peterson,2,6.60,espn_exact,
2016,10475,Greg Olsen,4,144.30,espn_exact,
2016,11247,Jonathan Stewart,2,140.00,espn_exact,
2016,11270,Jordy Nelson,3,227.10,espn_exact,
2016,11278,Matt Forte,2,159.60,espn_exact,
2016,11283,DeSean Jackson,3,138.70,espn_exact,
2016,11295,Martellus Bennett,4,124.10,espn_exact,
2016,11307,Jamaal Charles,2,11.80,nflverse_id,00-0026213
2016,11364,Gary Barnidge,4,86.20,nflverse_id,00-0026281
2016,11467,Justin Forsett,2,45.60,espn_exact,
2016,11788,Danny Woodhead,2,22.30,nflverse_id,00-0026019
2016,12483,Matthew Stafford,1,232.45,espn_exact,
2016,12497,Arian Foster,2,14.50,nflverse_id,00-0026796
2016,12503,Rashad Jennings,2,110.40,espn_exact,
2016,12514,LeSean McCoy,2,259.30,espn_exact,
2016,12563,Michael Crabtree,3,168.10,espn_exact,
2016,12579,Jeremy Maclin,3,74.30,nflverse_id,00-0026995
2016,12601,Mike Wallace,3,147.20,espn_exact,
2016,12649,Julian Edelman,3,152.90,espn_exact,
2016,13204,Ryan Mathews,2,134.20,espn_exact,
2016,13213,LeGarrette Blount,2,229.30,espn_exact,
2016,13214,James Starks,2,43.70,espn_exact,
2016,13215,Dez Bryant,3,141.60,espn_exact,
2016,13216,Demaryius Thomas,3,155.30,espn_exact,
2016,13217,Golden Tate,3,151.30,espn_exact,
2016,13229,Rob Gronkowski,4,78.00,espn_exact,
2016,13232,Jimmy Graham,4,137.30,espn_exact,
2016,13271,Eric Decker,3,33.20,nflverse_id,00-0027690
2016,13295,Emmanuel Sanders,3,150.40,espn_exact,
2016,13587,Chris Ivory,2,78.50,espn_exact,
2016,13934,Antonio Brown,3,222.50,espn_exact,
2016,13981,Mark Ingram,2,206.40,espn_exact,
2016,13982,Julio Jones,3,194.50,espn_exact,
2016,13983,A.J. Green,3,135.60,espn_exact,
2016,13994,Cam Newton,1,214.85,espn_exact,
2016,14005,DeMarco Murray,2,253.00,espn_exact,
2016,14017,Shane Vereen,2,29.40,nflverse_id,00-0027994
2016,14032,Torrey Smith,3,48.70,nflverse_id,00-0027996
2016,14053,Randall Cobb,3,100.30,espn_exact,
2016,14129,Bilal Powell,2,150.60,espn_exact,
2016,14163,Tyrod Taylor,1,233.70,espn_exact,
2016,14198,Dion Lewis,2,41.10,espn_exact,
2016,14204,Julius Thomas,4,58.10,nflverse_id,00-0028067
2016,14221,Doug Baldwin,3,179.80,espn_exact,
2016,14402,Chris Hogan,3,98.50,nflverse_id,00-0028237
2016,14583,Kamar Aiken,3,44.60,nflverse_id,00-0028497
2016,14874,Andrew Luck,1,269.00,espn_exact,
2016,14880,Kirk Cousins,1,248.60,espn_exact,
2016,14881,Russell Wilson,1,220.60,espn_exact,
2016,14885,Doug Martin,2,74.30,espn_exact,
2016,14886,Lamar Miller,2,166.30,espn_exact,
2016,14900,Coby Fleener,4,98.30,espn_exact,
2016,14908,Michael Floyd,3,86.20,espn_exact,
2016,14912,Alshon Jeffery,3,104.50,espn_exact,
2016,14922,Mohamed Sanu,3,101.60,espn_exact,
2016,14924,T.Y. Hilton,3,202.00,espn_exact,
2016,15062,Travis Benjamin,3,96.80,espn_exact,
2016,15072,Marvin Jones Jr.,3,128.30,nflverse_id,00-0029293
2016,15102,Rishard Matthews,3,159.50,espn_exact,
2016,15705,Josh Gordon,3,0.00,no_regular_season_stats,
2016,15786,Tavon Austin,3,101.40,espn_exact,
2016,15788,Tyler Eifert,4,75.20,espn_exact,
2016,15795,DeAndre Hopkins,3,136.00,espn_exact,
2016,15818,Keenan Allen,3,7.50,nflverse_id,00-0030279
2016,15825,Le'Veon Bell,2,257.40,espn_exact,
2016,15826,Giovani Bernard,2,91.10,espn_exact,
2016,15835,Zach Ertz,4,121.20,espn_exact,
2016,15847,Travis Kelce,4,156.00,espn_exact,
2016,15848,Eddie Lacy,2,39.60,nflverse_id,00-0030485
2016,15855,Christine Michael,2,119.40,nflverse_id,00-0030432
2016,15860,Jordan Reed,4,115.80,espn_exact,
2016,15873,Markus Wheaton,3,13.90,nflverse_id,00-0030460
2016,15920,Latavius Murray,2,181.80,espn_exact,
2016,15994,Theo Riddick,2,119.40,espn_exact,
2016,16016,Kenny Stills,3,139.00,espn_exact,
2016,16020,Spencer Ware,2,168.40,espn_exact,
2016,16040,C.J. Anderson,2,89.70,espn_exact,
2016,16724,Blake Bortles,1,228.30,nflverse_id,00-0031407
2016,16725,Sammy Watkins,3,60.60,espn_exact,
2016,16730,Kelvin Benjamin,3,147.70,espn_exact,
2016,16731,Brandin Cooks,3,187.90,espn_exact,
2016,16732,Eric Ebron,4,95.40,espn_exact,
2016,16733,Odell Beckham Jr.,3,218.80,espn_exact,
2016,16737,Mike Evans,3,228.30,espn_exact,
2016,16749,Charles Sims,2,48.70,espn_exact,
2016,16757,Derek Carr,1,233.05,nflverse_id,00-0031280
2016,16763,Jordan Matthews,3,113.00,espn_exact,
2016,16777,Carlos Hyde,2,170.50,espn_exact,
2016,16782,Jerick McKinnon,2,114.00,espn_exact,
2016,16790,Jarvis Landry,3,158.10,espn_exact,
2016,16791,Donte Moncrief,3,78.60,espn_exact,
2016,16799,Allen Robinson,3,140.90,espn_exact,
2016,16803,Jeremy Hill,2,160.50,espn_exact,
2016,16804,John Brown,3,72.50,nflverse_id,00-0031051
2016,16913,James White,2,113.70,espn_exact,
2016,16944,Devonta Freeman,2,241.90,espn_exact,
2016,17133,Isaiah Crowell,2,174.10,espn_exact,
2016,17177,Allen Hurns,3,73.70,espn_exact,
2016,17258,Willie Snead,3,133.90,espn_exact,
2016,2508176,David Johnson,2,344.80,espn_exact,
2016,2515416,Jeremy Langford,2,58.00,nflverse_id,00-0031569
2016,2573300,Jay Ajayi,2,194.70,espn_exact,
2016,2576237,Thomas Rawls,2,66.10,espn_exact,
2016,2576336,Ameer Abdullah,2,22.80,nflverse_id,00-0032104
2016,2576434,Melvin Gordon,2,217.80,espn_exact,
2016,2576623,DeVante Parker,3,110.60,espn_exact,
2016,2577327,Tyler Lockett,3,93.30,espn_exact,
2016,2577654,DeAndre Washington,2,71.60,nflverse_id,00-0032940
2016,2969962,Duke Johnson Jr.,2,101.80,espn_exact,
2016,2976212,Stefon Diggs,3,126.10,espn_exact,
2016,2976316,Michael Thomas,3,182.10,espn_exact,
2016,2976499,Amari Cooper,3,166.90,espn_exact,
2016,2976516,T.J. Yeldon,2,97.70,espn_exact,
2016,2976592,Sterling Shepard,3,132.40,espn_exact,
2016,2977609,Devin Funchess,3,67.70,nflverse_id,00-0032055
2016,2977644,Todd Gurley II,2,163.80,espn_exact,
2016,2979477,Tevin Coleman,2,167.30,espn_exact,
2016,2980105,Matt Jones,2,68.90,espn_exact,
2016,3043078,Derrick Henry,2,95.30,espn_exact,
2016,3043097,Cameron Artis-Payne,2,27.70,nflverse_id,00-0031599
2016,3043275,Austin Hooper,4,48.90,nflverse_id,00-0032392
2016,3045144,Tyler Boyd,3,80.90,espn_exact,
2016,3051392,Ezekiel Elliott,2,302.80,espn_exact,
2016,3052876,Will Fuller V,3,90.60,espn_exact,
2016,3122866,Devontae Booker,2,118.90,espn_exact,
2017,2330,Tom Brady,1,217.10,espn_exact,
2017,2580,Drew Brees,1,177.25,espn_exact,
2017,5528,Larry Fitzgerald,3,173.40,espn_exact,
2017,5529,Philip Rivers,1,191.25,espn_exact,
2017,5536,Ben Roethlisberger,1,182.30,espn_exact,
2017,8439,Aaron Rodgers,1,96.50,espn_exact,
2017,8479,Frank Gore,2,150.40,espn_exact,
2017,8544,Darren Sproles,2,12.80,nflverse_id,00-0023564
2017,9705,Brandon Marshall,3,19.00,nflverse_id,00-0024334
2017,9761,Delanie Walker,4,115.30,espn_exact,
2017,10452,Adrian Peterson,2,70.10,espn_exact,
2017,10453,Ted Ginn Jr.,3,117.20,nflverse_id,00-0025396
2017,10456,Marshawn Lynch,2,149.20,espn_exact,
2017,10475,Greg Olsen,4,28.50,espn_exact,
2017,11237,Matt Ryan,1,152.20,espn_exact,
2017,11238,Darren McFadden,2,-0.20,nflverse_id,00-0026144
2017,11247,Jonathan Stewart,2,111.80,espn_exact,
2017,11270,Jordy Nelson,3,94.80,espn_exact,
2017,11278,Matt Forte,2,90.80,espn_exact,
2017,11283,DeSean Jackson,3,98.60,espn_exact,
2017,11295,Martellus Bennett,4,34.60,nflverse_id,00-0026201
2017,11307,Jamaal Charles,2,49.10,espn_exact,
2017,11439,Pierre Garcon,3,58.00,nflverse_id,00-0026345
2017,11674,Danny Amendola,3,90.10,espn_exact,
2017,11788,Danny Woodhead,2,32.20,espn_exact,
2017,12483,Matthew Stafford,1,197.25,espn_exact,
2017,12514,LeSean McCoy,2,217.40,espn_exact,
2017,12556,Kenny Britt,3,41.60,nflverse_id,00-0027006
2017,12563,Michael Crabtree,3,126.40,espn_exact,
2017,12579,Jeremy Maclin,3,70.00,nflverse_id,00-0026995
2017,12601,Mike Wallace,3,109.60,espn_exact,
2017,13213,LeGarrette Blount,2,101.20,nflverse_id,00-0027325
2017,13215,Dez Bryant,3,132.20,espn_exact,
2017,13216,Demaryius Thomas,3,139.50,espn_exact,
2017,13217,Golden Tate,3,153.90,espn_exact,
2017,13229,Rob Gronkowski,4,173.20,espn_exact,
2017,13232,Jimmy Graham,4,125.40,espn_exact,
2017,13271,Eric Decker,3,73.10,nflverse_id,00-0027690
2017,13295,Emmanuel Sanders,3,76.90,nflverse_id,00-0027685
2017,13934,Antonio Brown,3,231.50,espn_exact,
2017,13981,Mark Ingram,2,232.60,espn_exact,
2017,13982,Julio Jones,3,182.50,espn_exact,
2017,13983,A.J. Green,3,168.80,espn_exact,
2017,13994,Cam Newton,1,223.65,espn_exact,
2017,14005,DeMarco Murray,2,141.30,espn_exact,
2017,14012,Andy Dalton,1,142.85,nflverse_id,00-0027973
2017,14017,Shane Vereen,2,47.50,nflverse_id,00-0027994
2017,14032,Torrey Smith,3,61.90,nflverse_id,00-0027996
2017,14053,Randall Cobb,3,106.20,espn_exact,
2017,14054,Kyle Rudolph,4,112.60,espn_exact,
2017,14129,Bilal Powell,2,128.80,espn_exact,
2017,14193,Jacquizz Rodgers,2,39.60,nflverse_id,00-0028083
2017,14221,Doug Baldwin,3,163.30,espn_exact,
2017,14402,Chris Hogan,3,83.40,espn_exact,
2017,14851,Terrelle Pryor Sr.,3,34.00,nflverse_id,00-0028825
2017,14874,Andrew Luck,1,0.00,no_regular_season_stats,
2017,14880,Kirk Cousins,1,198.95,espn_exact,
2017,14881,Russell Wilson,1,265.10,espn_exact,
2017,14885,Doug Martin,2,68.80,nflverse_id,00-0029613
2017,14886,Lamar Miller,2,164.70,espn_exact,
2017,14909,Kendall Wright,3,79.20,nflverse_id,00-0029708
2017,14912,Alshon Jeffery,3,151.30,espn_exact,
2017,14924,T.Y. Hilton,3,134.00,espn_exact,
2017,15072,Marvin Jones Jr.,3,177.30,espn_exact,
2017,15102,Rishard Matthews,3,115.80,espn_exact,
2017,15788,Tyler Eifert,4,5.40,nflverse_id,00-0030549
2017,15795,DeAndre Hopkins,3,234.00,espn_exact,
2017,15818,Keenan Allen,3,203.60,espn_exact,
2017,15825,Le'Veon Bell,2,273.60,espn_exact,
2017,15826,Giovani Bernard,2,118.30,espn_exact,
2017,15835,Zach Ertz,4,143.20,espn_exact,
2017,15847,Travis Kelce,4,166.10,espn_exact,
2017,15848,Eddie Lacy,2,23.80,nflverse_id,00-0030485
2017,15860,Jordan Reed,4,38.50,espn_exact,
2017,15880,Robert Woods,3,120.50,espn_exact,
2017,15920,Latavius Murray,2,145.50,espn_exact,
2017,15994,Theo Riddick,2,111.60,espn_exact,
2017,16016,Kenny Stills,3,129.30,espn_exact,
2017,16040,C.J. Anderson,2,152.70,espn_exact,
2017,16460,Adam Thielen,3,168.90,espn_exact,
2017,16504,Jack Doyle,4,105.00,espn_exact,
2017,16725,Sammy Watkins,3,116.10,espn_exact,
2017,16730,Kelvin Benjamin,3,96.80,espn_exact,
2017,16731,Brandin Cooks,3,171.20,espn_exact,
2017,16732,Eric Ebron,4,90.00,nflverse_id,00-0031387
2017,16733,Odell Beckham Jr.,3,55.00,espn_exact,
2017,16737,Mike Evans,3,147.30,espn_exact,
2017,16757,Derek Carr,1,136.25,nflverse_id,00-0031280
2017,16763,Jordan Matthews,3,37.20,espn_exact,
2017,16777,Carlos Hyde,2,186.60,espn_exact,
2017,16783,Terrance West,2,26.50,nflverse_id,00-0031375
2017,16790,Jarvis Landry,3,170.40,espn_exact,
2017,16791,Donte Moncrief,3,56.30,nflverse_id,00-0031339
2017,16799,Allen Robinson,3,1.90,nflverse_id,00-0031428
2017,16800,Davante Adams,3,164.30,espn_exact,
2017,16803,Jeremy Hill,2,14.00,nflverse_id,00-0031301
2017,16804,John Brown,3,53.10,espn_exact,
2017,16886,Martavis Bryant,3,92.50,espn_exact,
2017,16913,James White,2,89.20,espn_exact,
2017,16944,Devonta Freeman,2,171.40,espn_exact,
2017,17133,Isaiah Crowell,2,121.10,espn_exact,
2017,17258,Willie Snead,3,8.80,nflverse_id,00-0030663
2017,17284,Charcandrick West,2,51.60,nflverse_id,00-0030668
2017,2508176,David Johnson,2,8.20,nflverse_id,00-0032187
2017,2573079,Carson Wentz,1,224.85,espn_exact,
2017,2573300,Jay Ajayi,2,116.90,espn_exact,
2017,2574808,Robby Anderson,3,151.60,espn_exact,
2017,2575408,Rob Kelley,2,40.00,espn_exact,
2017,2576019,Josh Doctson,3,93.80,espn_exact,
2017,2576237,Thomas Rawls,2,24.90,nflverse_id,00-0031897
2017,2576336,Ameer Abdullah,2,104.40,espn_exact,
2017,2576434,Melvin Gordon,2,242.70,espn_exact,
2017,2576623,DeVante Parker,3,84.40,espn_exact,
2017,2576716,Jamison Crowder,3,107.50,espn_exact,
2017,2576980,Marcus Mariota,1,140.30,nflverse_id,00-0032268
2017,2577134,Ty Montgomery,3,73.20,nflverse_id,00-0032200
2017,2577327,Tyler Lockett,3,89.30,espn_exact,
2017,2577417,Dak Prescott,1,188.95,espn_exact,
2017,2587819,Tyrell Williams,3,106.40,espn_exact,
2017,2969939,Jameis Winston,1,132.30,espn_exact,
2017,2969962,Duke Johnson Jr.,2,157.90,espn_exact,
2017,2971589,Paul Perkins,2,15.20,nflverse_id,00-0032417
2017,2976212,Stefon Diggs,3,148.00,espn_exact,
2017,2976316,Michael Thomas,3,175.30,espn_exact,
2017,2976499,Amari Cooper,3,123.00,espn_exact,
2017,2976592,Sterling Shepard,3,99.30,espn_exact,
2017,2977644,Todd Gurley II,2,335.10,espn_exact,
2017,2979477,Tevin Coleman,2,146.10,espn_exact,
2017,3042778,Corey Davis,3,42.30,espn_exact,
2017,3043078,Derrick Henry,2,129.20,espn_exact,
2017,3043275,Austin Hooper,4,81.40,espn_exact,
2017,3046439,Hunter Henry,4,90.90,espn_exact,
2017,3051392,Ezekiel Elliott,2,183.40,espn_exact,
2017,3059915,Kareem Hunt,2,255.80,espn_exact,
2017,3060022,Jordan Howard,2,181.30,espn_exact,
2017,3115364,Leonard Fournette,2,203.40,espn_exact,
2017,3116385,Joe Mixon,2,117.30,espn_exact,
2017,3116389,Samaje Perine,2,90.90,espn_exact,
2017,3116406,Tyreek Hill,3,190.20,espn_exact,
2017,3117251,Christian McCaffrey,2,164.60,espn_exact,
